"title","date","link"
"Amid the pandemic the idea of a united Europe has crashed","22.03.2020","https://euvsdisinfo.eu/report/amid-the-pandemic-the-idea-of-a-united-europe-has-crashed/"
"After the COVID-19 pandemic Italy or Germany may leave the EU","22.03.2020","https://euvsdisinfo.eu/report/italy-or-germany-may-leave-the-eu/"
"COVID-19 is a fake, it's a political move to install hegemony","21.03.2020","https://euvsdisinfo.eu/report/covid-19-is-a-fake-its-a-political-move-to-install-hegemony/"
"Ukraine is in free fall","20.03.2020","https://euvsdisinfo.eu/report/ukraine-is-in-free-fall/"
"The official numbers of COVID-19 cases in Ukraine is totally fictional","20.03.2020","https://euvsdisinfo.eu/report/the-official-numbers-of-covid-19-cases-in-ukraine-is-totally-fictional/"
"Zelenskii is unable to handle the Ukronazis","20.03.2020","https://euvsdisinfo.eu/report/zelenskii-is-unable-to-handle-the-ukronazis/"
"There is no solution for the Ukraine. None whatsoever.","20.03.2020","https://euvsdisinfo.eu/report/there-is-no-solution-for-the-ukraine-none-whatsoever/"
"The West is attacking Russia on coronavirus","20.03.2020","https://euvsdisinfo.eu/report/the-west-is-attacking-russia-on-coronavirus/"
"Coronavirus will cause the dissolution of the EU and NATO","20.03.2020","https://euvsdisinfo.eu/report/coronavirus-will-cause-the-dissolution-of-the-eu-and-nato/"
"Pentagon-funded biological laboratories involved in creation of Coronavirus","19.03.2020","https://euvsdisinfo.eu/report/pentagon-funded-biological-laboratories-involved-in-creation-of-coronavirus/"
"The Baltic states may not survive the coronavirus-related economic crisis","19.03.2020","https://euvsdisinfo.eu/report/the-baltic-states-may-not-survive-the-coronavirus-related-economic-crisis/"
"Coronavirus was developed in a laboratory; it has HIV inserts","19.03.2020","https://euvsdisinfo.eu/report/coronavirus-was-developed-in-a-laboratory-it-has-hiv-inserts/"
"The coronavirus will provoke the definite, rapid and irreversibile collapse of globalisation","19.03.2020","https://euvsdisinfo.eu/report/the-coronavirus-will-provoke-the-definite-rapid-and-irreversibile-collapse-of-globalisation/"
"Only authoritarian states and closed societies will be able to protect their populations from the coronavirus and from future pandemics","19.03.2020","https://euvsdisinfo.eu/report/only-authoritarian-states-and-closed-societies-will-be-able-to-protect-their-populations-from-the-coronavirus-and-from-future-pandemics/"
"The Baltic States may not survive the economic shock of COVID-19 pandemic","19.03.2020","https://euvsdisinfo.eu/report/the-baltic-states-may-not-survive-the-economic-shock-of-covid-19-pandemic/"
"Russia prevents the Black Sea from turning into NATO's zone of influence","18.03.2020","https://euvsdisinfo.eu/report/russia-prevents-natos-plans-to-turn-the-black-sea-into-natos-internal-sea-or-zone-of-influence/"
"The French government systematically lied to the population","18.03.2020","https://euvsdisinfo.eu/report/the-french-government-systematically-lied-to-the-population-for-instance-the-could-of-chernobyl-stopped-at-the-french-borders/"
"Mainstream media ignores the fake news campaign against Russia","18.03.2020","https://euvsdisinfo.eu/report/mainstream-media-ignores-the-fake-news-campaign-against-russia/"
"Areas most affected by coronavirus are at the 40 degrees north latitude","18.03.2020","https://euvsdisinfo.eu/report/the-areas-most-affected-by-the-coronavirus-are-at-the-same-about-40-degrees-north-latitude/"
"Germany called for lifting sanctions against Russia because of coronavirus","18.03.2020","https://euvsdisinfo.eu/report/germany-called-for-lifting-sanctions-against-russia-because-of-coronavirus/"
"Poland has made Russophobia a cornerstone of its policies","18.03.2020","https://euvsdisinfo.eu/report/poland-has-made-russophobia-a-cornerstone-of-its-policies/"
"COVID-2019 was created by the US in 2015","18.03.2020","https://euvsdisinfo.eu/report/covid-2019-was-created-by-the-us-in-2015/"
"The COVID-19 outbreak is only an attempt to distract the world from the real issues","17.03.2020","https://euvsdisinfo.eu/report/the-covid-19-outbreak-is-only-an-attempt-to-distract-the-world-from-the-real-issues/"
"The coronavirus pandemic is a turning point in history: world order is falling","17.03.2020","https://euvsdisinfo.eu/report/the-coronavirus-pandemic-is-a-turning-point-in-history/"
"Panic in Ukraine due to coronavirus, metro banned in Lviv","17.03.2020","https://euvsdisinfo.eu/report/panic-in-ukraine-due-to-coronavirus-metro-banned-in-lviv/"
"Financial circles and governments are using the coronavirus crisis to achieve own goals","17.03.2020","https://euvsdisinfo.eu/report/financial-circles-and-governments-are-using-the-coronavirus-crisis-to-achieve-own-goals/"
"The Washington establishment attacked China with the coronavirus: Russia is the next target","17.03.2020","https://euvsdisinfo.eu/report/the-washington-establishment-attacked-china-with-the-coronavirus-russia-is-the-next-target/"
"The myth about ""European unity"" is destroyed; only ""Bad guys"" like China and Cuba offer help with the coronavirus","17.03.2020","https://euvsdisinfo.eu/report/the-myth-about-european-unity-is-destroyed-only-bad-guys-like-china-and-cuba-offer-help-with-the-coronavirus/"
"Coronavirus: Distance working allows corporations to limit social obligations to the workforce","17.03.2020","https://euvsdisinfo.eu/report/coronavirus-distance-working-allows-corporations-to-limit-social-obligations-to-the-workforce/"
"Default awaits Ukraine due to coronavirus - the country has run out of currency","17.03.2020","https://euvsdisinfo.eu/report/default-awaits-ukraine-due-to-coronavirus-the-country-has-run-out-of-currency/"
"Sweden declines treatment for coronavirus because virus is safe","17.03.2020","https://euvsdisinfo.eu/report/sweden-declines-treatment-for-coronavirus-because-virus-is-safe/"
"During the Polish-Soviet War, the Poles were driven by Russophobia and anti-Semitism","17.03.2020","https://euvsdisinfo.eu/report/during-the-polish-soviet-war-the-poles-were-driven-by-russophobia-anti-semitism-and-desire-to-take-land-from-the-russians/"
"Coronavirus epidemic is provoking the collapse of globalisation and of the open society","17.03.2020","https://euvsdisinfo.eu/report/the-coronavirus-epidemic-is-provoking-the-collapse-of-globalisation-and-of-the-open-society/"
"The COVID-19 outbreak is a pretext by the ruling class to introduce tyranny","16.03.2020","https://euvsdisinfo.eu/report/the-covid-19-outbreak-is-a-pretext-by-the-ruling-class-to-introduce-tyranny/"
"The reason behind the coronavirus scaremongering is to weaken China as a state","16.03.2020","https://euvsdisinfo.eu/report/the-reason-behind-the-coronavirus-scaremongering-is-to-weaken-china-as-a-state/"
"COVID-19 is a biological weapon to make the planet's population infertile","16.03.2020","https://euvsdisinfo.eu/report/covid-19-is-a-biological-weapon-to-make-the-planets-population-infertile/"
"US uses fascist instruments to control satellite countries","16.03.2020","https://euvsdisinfo.eu/report/us-uses-fascist-instruments-to-control-satellite-countries/"
"The COVID-19 outbreak stinks of a secret germ warfare 007 super-virus","16.03.2020","https://euvsdisinfo.eu/report/the-covid-19-outbreak-stinks-of-a-secret-germ-warfare-007-super-virus/"
"The Hague court did not recognise the sovereignty of Ukraine over Crimea","16.03.2020","https://euvsdisinfo.eu/report/the-hague-court-did-not-recognise-the-sovereignty-of-ukraine-over-crimea/"
"Coronavirus was created in the USA, at Fort Detrick","16.03.2020","https://euvsdisinfo.eu/report/coronavirus-was-created-in-usa-the-expert-names-the-location-of-the-laboratory/"
"Response measures to coronavirus demonstrate the decline of the US and the EU","16.03.2020","https://euvsdisinfo.eu/report/response-measures-to-coronavirus-spread-demonstrate-the-decline-of-the-us-and-the-eu/"
"Coronavirus is a biological weapon created artificially","16.03.2020","https://euvsdisinfo.eu/report/coronavirus-is-a-biological-weapon-created-artificially/"
"Lithuania will become a black hole in the energy map of Europe","16.03.2020","https://euvsdisinfo.eu/report/lithuania-will-become-a-black-hole-in-the-energy-map-of-europe/"
"There are reasons to suspect that coronavirus is a US biological weapon","15.03.2020","https://euvsdisinfo.eu/report/there-are-enough-reasons-for-suspicions-that-the-coronavirus-is-a-us-biological-weapon/"
"Coronavirus could have originated from Latvia","15.03.2020","https://euvsdisinfo.eu/report/coronavirus-could-have-originated-from-latvia/"
"Coronavirus can be cured with saline in 4 days","15.03.2020","https://euvsdisinfo.eu/report/coronavirus-can-be-cured-with-saline-in-4-days/"
"The Schengen zone has collapsed","15.03.2020","https://euvsdisinfo.eu/report/the-schengen-zone-collapsed/"
"Coronavirus was created in a laboratory","14.03.2020","https://euvsdisinfo.eu/report/coronavirus-was-created-in-the-laboratory/"
"Coronavirus COVID-19 reached NATO and disrupts its anti-Russian plans","14.03.2020","https://euvsdisinfo.eu/report/coronavirus-covid-19-reached-nato-and-disrupts-its-anti-russian-plans/"
"Polish President refused to take part in the World Holocaust Forum to not be reminded about role of the Red Army","14.03.2020","https://euvsdisinfo.eu/report/polish-president-refused-to-take-part-in-the-world-holocaust-forum-as-he-did-not-want-to-remind-about-the-role-of-the-red-army-in-auschwitz-liberation/"
"The Polish authorities destroy the burial places of the Soviet soldiers","14.03.2020","https://euvsdisinfo.eu/report/the-polish-authorities-destroy-the-burial-places-of-the-soviet-soldiers-in-order-to-make-history-more-comfortable/"
"The Italian government might fuel the hysteria to gain benefits from EU funding","14.03.2020","https://euvsdisinfo.eu/report/the-italian-government-might-fuel-the-hysteria-to-gain-benefits-from-eu-funding/"
"Coronavirus: Western leaders sold their people for profit","14.03.2020","https://euvsdisinfo.eu/report/coronavirus-western-leaders-sold-their-people-for-profit/"
"Americans were ill with coronavirus in September 2019 and hid it","14.03.2020","https://euvsdisinfo.eu/report/americans-were-ill-with-coronavirus-in-september-2019-and-hid-it/"
"Coronavirus got on Earth out of space through a meteorite and spreads through the wind","14.03.2020","https://euvsdisinfo.eu/report/coronavirus-got-on-earth-out-of-space-through-a-meteorite-and-spreads-through-the-wind/"
"There is not the slightest trace of a coronavirus pandemic","13.03.2020","https://euvsdisinfo.eu/report/there-is-not-the-slightest-trace-of-a-coronavirus-pandemic/"
"WHO received orders from ""above"" to declare a coronavirus pandemic","13.03.2020","https://euvsdisinfo.eu/report/who-received-orders-from-above-to-declare-a-coronavirus-pandemic/"
"The decision to go ahead on the coronavirus pandemic was taken at the Davos Forum by the Rothschilds and the Gates","13.03.2020","https://euvsdisinfo.eu/report/the-decision-to-go-ahead-on-the-coronavirus-pandemic-was-taken-at-the-davos-forum-by-the-rothschilds-and-the-gates/"
"Force vaccination, forcing brain debilitating agents, will be introduced as the coronavirus pandemic is declared","13.03.2020","https://euvsdisinfo.eu/report/force-vaccination-forcing-brain-debilitating-agents-will-be-introduced-as-the-coronavirus-pandemic-is-declared/"
"The coronavirus pandemic: nano-chips might be injected together with vaccines, allowing ""them"" to control your money","13.03.2020","https://euvsdisinfo.eu/report/the-coronavirus-pandemic-nano-chips-might-be-injected-together-with-vaccines-allowing-them-to-control-your-money/"
"The coronavirus is a pretext for the Global Elites' ambitions to reduce world population","13.03.2020","https://euvsdisinfo.eu/report/the-coronavirus-is-a-pretext-for-the-global-elites-ambitions-to-reduce-world-population/"
"""Coronavirus"" deaths in Italy might have been caused by common flu","13.03.2020","https://euvsdisinfo.eu/report/coronavirus-deaths-in-italy-might-have-been-caused-by-common-flu/"
"The coronavirus moves us towards a totalitarian state of the world and the introduction of Agenda ID2020","13.03.2020","https://euvsdisinfo.eu/report/the-coronavirus-moves-us-towards-a-totalitarian-state-of-the-world-and-the-introduction-of-agenda-id2020/"
"Cash is banned in many Scandinavian countries","13.03.2020","https://euvsdisinfo.eu/report/cash-is-banned-in-many-scandinavian-countries/"
"Coronavirus - artificially created biological weapon","13.03.2020","https://euvsdisinfo.eu/report/coronavirus-artificially-created-biological-weapons/"
"Coronavirus and economic crisis caught the EU by surprise because of its Russophobia","13.03.2020","https://euvsdisinfo.eu/report/coronavirus-and-economic-crisis-caught-the-eu-by-surprise-because-of-its-russophobia/"
"The coronavirus puts EU's existence into question","13.03.2020","https://euvsdisinfo.eu/report/the-coronavirus-puts-eus-existence-into-question/"
"The coronavirus is a US biological weapon to reduce the planet's population","13.03.2020","https://euvsdisinfo.eu/report/the-coronavirus-is-a-us-biological-weapon-to-reduce-the-planets-population/"
"Closer cooperation with Europe turned into a catastrophe for Ukraine","12.03.2020","https://euvsdisinfo.eu/report/cooperation-with-europe-turned-into-a-catastrophe-for-ukraine/"
"Russian defendant in MH17 trial denied access to own case file","12.03.2020","https://euvsdisinfo.eu/report/russian-defendant-in-mh17-trial-deprived-of-access-to-own-case-file/"
"Coronavirus is psychological warfare against enemies like China and Iran","12.03.2020","https://euvsdisinfo.eu/report/coronavirus-not-pandemic-tool-psychological-warfare-china-iran/"
"Covid-19 is a rehearsal for the true apocalyptic weapon","12.03.2020","https://euvsdisinfo.eu/report/covid-19-rehearsal-true-apocalyptic-weapon/"
"Covid-19 will serve for hacking the global system","12.03.2020","https://euvsdisinfo.eu/report/covid-19-hack-global-system/"
"The MH17 show trial is not about justice, but information warfare","11.03.2020","https://euvsdisinfo.eu/report/the-mh17-trial-is-not-about-justice-but-information-warfare/"
"Turkey-Greece crisis has taken NATO to its limit","11.03.2020","https://euvsdisinfo.eu/report/turkey-greece-crisis-taken-nato-limit/"
"Real purpose of Istanbul Convention is to abolish the family institution","11.03.2020","https://euvsdisinfo.eu/report/the-real-purpose-of-the-istanbul-convention-is-to-abolish-the-family-institution/"
"Pro-Turkish Soros wants to appoint a president in Karabakh","11.03.2020","https://euvsdisinfo.eu/report/pro-turkish-soros-wants-to-appoint-a-president-in-karabakh/"
"Previous Russian Constitution was dictated by the US, the new one will be based on Russian fundamental values","11.03.2020","https://euvsdisinfo.eu/report/previous-russian-constitution-was-dictated-by-the-us-the-new-one-will-be-based-on-russian-fundamental-values/"
"NATO is responsible for Afghanistan's destruction","11.03.2020","https://euvsdisinfo.eu/report/nato-responsible-afghanistan-destruction/"
"West punishes Russia for the crime of being Russia","11.03.2020","https://euvsdisinfo.eu/report/tyler-durden-west-punishes-russia-for-the-crime-of-being-russia/"
"US is going to teach tolerance of sodomy through social networks","11.03.2020","https://euvsdisinfo.eu/report/us-is-going-to-teach-sodomite-tolerance-through-social-networks/"
"The EU is a warring party in the war in Ukraine","11.03.2020","https://euvsdisinfo.eu/report/the-eu-is-a-warring-party-in-the-war-in-ukraine/"
"The MH17 was shot down by a Ukrainian fighter","10.03.2020","https://euvsdisinfo.eu/report/an-australian-jurist-told-the-mh17-was-shot-down-by-a-ukrainian-fighter/"
"Mainstream media and governments overestimate the coronavirus threat","10.03.2020","https://euvsdisinfo.eu/report/mainstream-media-and-governments-overestimate-the-coronavirus-threat/"
"The coronavirus represents the end of globalisation","10.03.2020","https://euvsdisinfo.eu/report/the-coronavirus-represents-the-end-of-globalisation/"
"The global elites did not expect the coronavirus to behave inadequately","10.03.2020","https://euvsdisinfo.eu/report/the-global-elites-did-not-expect-the-coronavirus-to-behave-inadequately/"
"Dutch intelligence found no trace of the Buk antiaircraft missile","10.03.2020","https://euvsdisinfo.eu/report/dutch-military-intelligence-has-found-no-trace-of-the-buk-antiaircraft-missile-capable-of-shooting-down-the-mh17-near-the-crash-zone/"
"Coronavirus may have been created in the USA as a biological weapon","10.03.2020","https://euvsdisinfo.eu/report/the-coronavirus-may-have-been-created-in-the-usa-as-a-biological-weapon/"
"Liberalism has facilitated the spread of the coronavirus","10.03.2020","https://euvsdisinfo.eu/report/liberalism-has-facilitated-the-spread-of-the-coronavirus/"
"The outcome of the MH17 trial is predetermined","09.03.2020","https://euvsdisinfo.eu/report/the-outcome-of-the-mh17-trial-is-predetermined/"
"Downed MH17 trial is a show, the irrefutable evidence of Russia's innocence is rejected","09.03.2020","https://euvsdisinfo.eu/report/downed-mh17s-trial-is-a-show-the-irrefutable-evidence-of-russias-innocence-is-rejected/"
"The MH17 trial suffers from political amnesia","09.03.2020","https://euvsdisinfo.eu/report/the-mh17-trial-suffers-from-political-amnesia/"
"The trial in The Hague on flight MH17 is based on Ukraine's fakes","09.03.2020","https://euvsdisinfo.eu/report/the-trial-in-the-hague-on-flight-mh17-is-based-on-ukraines-fakes/"
"The MH17 trial: not objective; not professional","09.03.2020","https://euvsdisinfo.eu/report/the-mh17-trial-not-objective-not-professional/"
"JIT investigation of MH17 crash is not efficient","09.03.2020","https://euvsdisinfo.eu/report/the-jit-investigation-of-mh17-crash-is-nor-efficient-neither-professional/"
"The MH17 trial is ""arranged"", it intends to whitewash Ukraine and make Russia the culprit","09.03.2020","https://euvsdisinfo.eu/report/the-mh17-trial-is-arranged-it-intends-to-whitewash-ukraine-and-make-russia-the-culprit/"
"MH 17 BUK missile was delivered to the Soviet Republic of Ukraine and never returned to Russia","09.03.2020","https://euvsdisinfo.eu/report/mh-17-buk-missile-was-delivered-to-soviet-republic-of-ukraine-and-never-returned-to-russia/"
"American analysts decided to restore the territory of the Third Reich","09.03.2020","https://euvsdisinfo.eu/report/american-analysts-decided-to-restore-the-territory-of-the-third-reich/"
"Polish politicians ready to support the territorial rebirth of the Third Reich to weaken Russia","09.03.2020","https://euvsdisinfo.eu/report/the-polish-politicians-would-be-ready-to-support-the-territorial-rebirth-of-the-third-reich-in-order-to-weaken-russia/"
"USA hopes to partition Russia after the end of Putin’s Presidency","09.03.2020","https://euvsdisinfo.eu/report/the-usa-hopes-that-after-the-end-of-putins-presidency-there-will-be-a-possibility-for-the-partition-of-russia/"
"Belgium, just like Malaysia, believes the MH17 trial is politically biased against Russia","09.03.2020","https://euvsdisinfo.eu/report/belgium-just-like-malaysia-believes-the-mh17-trial-is-politically-biased-against-russia/"
"Coronavirus was spread around the world from the US biological laboratories","09.03.2020","https://euvsdisinfo.eu/report/coronavirus-was-spread-around-the-world-from-the-worldwide-us-biological-laboratories/"
"British cyber forces are attacking Russia with anti-Russian fuss","08.03.2020","https://euvsdisinfo.eu/report/british-cyber-forces-are-attacking-russia-with-anti-russian-fuss/"
"Crimea became Russian in full compliance with international law after a referendum","08.03.2020","https://euvsdisinfo.eu/report/crimea-became-russian-in-full-compliance-with-international-law-after-a-referendum/"
"CIA-controlled SBU shot MH17","08.03.2020","https://euvsdisinfo.eu/report/cia-controlled-sbu-shot-mh17/"
"In February 2014 a Coup d'Etat took place in Kiev","08.03.2020","https://euvsdisinfo.eu/report/in-february-2014-a-coup-detat-took-place-in-kiev/"
"Empty chairs for MH17 victims outside Russia's Hague Embassy: It's a fake","08.03.2020","https://euvsdisinfo.eu/report/empty-chairs-for-mh17-victims-outside-russias-hague-embassy-its-a-fake/"
"The MH17 investigators decided to violate Russia' sovereignty","08.03.2020","https://euvsdisinfo.eu/report/the-mh17-investigators-decided-to-violate-russia-sovereignty/"
"Pro-Western civil society in Ukraine and Belarus is a Fascist fifth column","07.03.2020","https://euvsdisinfo.eu/report/pro-western-civil-society-in-ukraine-and-belarus-as-a-fascist-fifth-column/"
"Coronavirus is a manipulative story","06.03.2020","https://euvsdisinfo.eu/report/coronavirus-is-a-manipulative-story/"
"The US State Department is trying to eradicate the Orthodox Church","06.03.2020","https://euvsdisinfo.eu/report/the-us-state-department-is-trying-to-eradicate-orthodox-church/"
"No fake news comes from Russia","06.03.2020","https://euvsdisinfo.eu/report/no-fake-news-from-russia/"
"The Polish Institute of National Remembrance is not a historical and scientific institution","06.03.2020","https://euvsdisinfo.eu/report/the-polish-institute-of-national-remembrance-is-not-a-historical-and-scientific-institution/"
"Accusations against the USSR on outbreak of WWII are blasphemy","06.03.2020","https://euvsdisinfo.eu/report/accusation-of-the-ussr-in-the-outbreak-of-wwii-is-blasphemy/"
"Neoliberal countries don’t care about containing the coronavirus epidemic","06.03.2020","https://euvsdisinfo.eu/report/neoliberal-countries-dont-care-about-containing-the-coronavirus-epidemic-because-in-these-countries-the-economy-is-more-important-than-the-public-interest/"
"Biased JIT ignores massive data supplied by Russia","06.03.2020","https://euvsdisinfo.eu/report/biased-jit-ignores-massive-data-supplied-by-russia/"
"The US is creating conditions for a nuclear conflict","06.03.2020","https://euvsdisinfo.eu/report/the-us-is-creating-conditions-for-a-nuclear-conflict/"
"The Netherlands are trying to put brutal pressure on the MH17 trial","06.03.2020","https://euvsdisinfo.eu/report/the-netherlands-are-trying-to-put-brutal-pressure-on-the-mh17-trial/"
"A remedy for coronavirus has been developed in Ukraine","06.03.2020","https://euvsdisinfo.eu/report/a-remedy-for-coronavirus-has-been-developed-in-ukraine/"
"Democracy and freedom prevent Europe from fighting the virus effectively","06.03.2020","https://euvsdisinfo.eu/report/democracy-and-freedom-prevent-europe-from-fighting-the-virus-effectively/"
"The West wants a Russian-Turkish war because of Syria","06.03.2020","https://euvsdisinfo.eu/report/the-west-wants-the-russian-turkish-war-because-of-syria/"
"Radioactive source stolen in Ukraine; EU in danger","05.03.2020","https://euvsdisinfo.eu/report/radioactive-source-stolen-in-ukraine-eu-in-danger/"
"Coronavirus could be an American biological attack","05.03.2020","https://euvsdisinfo.eu/report/coronavirus-could-be-an-american-biological-attack/"
"Lithuania has no sovereign policy","05.03.2020","https://euvsdisinfo.eu/report/there-is-no-lithuanian-policy-and-cannot-be-lithuanian-politicians-do-not-and-can-not-have-own-opinion/"
"Coronavirus is another biological war against China and Iran","05.03.2020","https://euvsdisinfo.eu/report/coronavirus-is-another-biological-war-against-china-and-iran/"
"Polish authorities created an insane hysteria of intimidation with Russia, used for the needs of domestic politics","05.03.2020","https://euvsdisinfo.eu/report/the-polish-authorities-created-an-insane-hysteria-of-intimidation-with-russia-used-for-the-needs-of-domestic-politics/"
"The promotion of the so-called Katyn affair, falsely attributed to NKVD, was approved by Hitler","05.03.2020","https://euvsdisinfo.eu/report/the-promotion-of-the-so-called-katyn-affair-falsely-attributed-to-nkvd-was-approved-by-hitler/"
"The freedom of speech is purged from Western media outlets","05.03.2020","https://euvsdisinfo.eu/report/the-freedom-of-speech-is-purged-from-western-media-outlets/"
"Belarus’ Lukashenko mocking Russia by carrying out a military exercise with NATO and UK","05.03.2020","https://euvsdisinfo.eu/report/belarus-lukashenko-mocking-russia-military-exercise-nato-uk/"
"Lithuanian Foreign Ministry tries to rewrite the history of World War II","04.03.2020","https://euvsdisinfo.eu/report/lithuanian-foreign-minister-is-trying-to-rewrite-the-history-of-world-war-ii/"
"US Department of Defense has a secret biological laboratory in Georgia","04.03.2020","https://euvsdisinfo.eu/report/what-is-this-secret-us-biological-laboratory-doing-in-georgia/"
"American intelligence has arbitrarily accused Russia of interfering in the 2016 US elections","04.03.2020","https://euvsdisinfo.eu/report/an-arbitrary-us-accusation-of-russian-interference/"
"No evidence after 2 years of the alleged poisoning of the Skripals","04.03.2020","https://euvsdisinfo.eu/report/no-evidence-after-2-years-of-the-alleged-scribal-poisoning/"
"The coronavirus outbreak is a lie","04.03.2020","https://euvsdisinfo.eu/report/a-coronavirus-outbreak-is-a-lie/"
"White Helmets cooperate with terrorists to discredit Damascus","03.03.2020","https://euvsdisinfo.eu/report/white-helmets-cooperate-with-terrorists-to-discredit-damascus/"
"In Sweden you get ten years prison for demonstrating without permission","03.03.2020","https://euvsdisinfo.eu/report/in-sweden-you-get-ten-years-prison-for-demonstrating-without-permission/"
"US bureaucrats yearn for World War III","03.03.2020","https://euvsdisinfo.eu/report/us-bureaucrats-yearn-for-world-war-iii/"
"Bulgaria owes gratitude to Russia for its liberation from Ottoman rule","03.03.2020","https://euvsdisinfo.eu/report/the-san-stefano-treaty-and-bulgarias-liberation-from-ottoman-rule/"
"Russia fought the Ottoman empire to liberate Bulgaria","03.03.2020","https://euvsdisinfo.eu/report/russias-liberation-of-the-balkans/"
"The Assange case represents Donald Trump's capitulation to the Deep State","03.03.2020","https://euvsdisinfo.eu/report/the-assange-case-represents-donald-trumps-capitulation-to-the-deep-state/"
"Russia is falsely accused of interference in the US electoral process in 2020","03.03.2020","https://euvsdisinfo.eu/report/russia-again-falsely-accused-interference-us-electoral-process-2020/"
"Constant intimidation with Russia is used to make Poland economically dependent on the USA","03.03.2020","https://euvsdisinfo.eu/report/constant-intimidation-with-russia-is-used-to-make-poland-economically-dependent-on-the-usa/"
"The Polish policy towards Belarus is driven by the intensifying Polish obsession with Russia","03.03.2020","https://euvsdisinfo.eu/report/the-polish-policy-towards-belarus-is-driven-by-the-intensifying-polish-obsession-with-russia/"
"UN allegations of Russian war crimes in Syria are unfounded and biased, based on a flawed investigation","03.03.2020","https://euvsdisinfo.eu/report/un-allegations-russia-war-crimes-in-syria-unfounded-biased-flawed-investigation/"
"Child Rights’ Code and UNICEF encourage drug and alcohol use among teens","03.03.2020","https://euvsdisinfo.eu/report/child-rights-code-and-unicef-encourage-drug-and-alcohol-use-among-teens-2/"
"Unauthorised protesting in Sweden carries a ten-year prison term","03.03.2020","https://euvsdisinfo.eu/report/unauthorized-protesting-in-sweden-carries-a-ten-year-prison-term/"
"Amsterdam may use coronavirus to commit frauds against Russia in the MH17 trial","03.03.2020","https://euvsdisinfo.eu/report/amsterdam-may-use-coronavirus-to-commit-frauds-against-russia-in-the-mh17-trial/"
"The US is the main global sponsor of terrorism","03.03.2020","https://euvsdisinfo.eu/report/the-us-is-the-main-global-sponsor-of-terrorism/"
"Washington is testing options for invading the Kaliningrad region","02.03.2020","https://euvsdisinfo.eu/report/washington-is-testing-options-for-invading-the-kaliningrad-region/"
"Euromaidan was a coup d'état carried out by oligarchs","02.03.2020","https://euvsdisinfo.eu/report/euromaidan-was-a-coup-detat-carried-out-by-oligarchs/"
"Ukraine is a quasi-state with failed economy","02.03.2020","https://euvsdisinfo.eu/report/ukraine-is-a-quasi-state-with-failed-economy/"
"Western liberal civilisation is decadent, materialistic, hedonistic and perverse","02.03.2020","https://euvsdisinfo.eu/report/western-liberal-civilisation-is-decadent-materialistic-hedonist-and-perverse/"
"Coronavirus is a classic example of hybrid warfare","02.03.2020","https://euvsdisinfo.eu/report/coronavirus-is-a-classic-example-of-hybrid-warfare/"
"Coronavirus chooses difficult countries","02.03.2020","https://euvsdisinfo.eu/report/coronavirus-chooses-difficult-countries/"
"Turkey might be hiding the truth about coronavirus","02.03.2020","https://euvsdisinfo.eu/report/turkey-might-be-hiding-the-truth-about-coronavirus/"
"Most of Turkey is Russophobic except for the beach resorts","02.03.2020","https://euvsdisinfo.eu/report/most-of-turkey-is-russophobic-except-for-the-beach-resorts/"
"MH17 crashed due to an explosion on board","02.03.2020","https://euvsdisinfo.eu/report/mh17-crashed-due-to-an-explosion-on-board/"
"Ukraine is run by pro-EU oligarchic Nazis supported by the US","02.03.2020","https://euvsdisinfo.eu/report/ukraine-is-run-by-pro-eu-oligarchic-nazis-supported-by-the-us/"
"Turkey and Estonia refuse Sputnik's reporting","02.03.2020","https://euvsdisinfo.eu/report/turkey-and-estonia-refusing-sputniks-reporting/"
"Ukraine will celebrate the birthdays of Nazis instead of Victory Day","02.03.2020","https://euvsdisinfo.eu/report/nstead-of-the-day-of-victory-ukraine-will-celebrate-the-birthdays-of-ukrainian-nazis-and-collaborators-of-nazi-germany/"
"Norway infringes on the rights of Crimeans","02.03.2020","https://euvsdisinfo.eu/report/norway-and-the-eu-infringe-on-the-rights-of-crimeans-said-the-norwegian-deputy/"
"Moldova and Armenia are subjected to total aggression by the George Soros monster","02.03.2020","https://euvsdisinfo.eu/report/moldova-and-armenia-are-subjected-to-total-aggression-by-the-george-soros-monster/"
"Ukraine allows 14-year-olds to change their sex without parental consent","02.03.2020","https://euvsdisinfo.eu/report/ukraine-allows-14-year-olds-to-change-their-sex-without-parents-consent/"
"Defender 2020 is a test to invade Kaliningrad region","02.03.2020","https://euvsdisinfo.eu/report/defender-2020-is-a-test-to-invade-kaliningrad-region/"
"The Soros network is a derivative of the CIA and the US State Department","01.03.2020","https://euvsdisinfo.eu/report/the-soros-galaxy-is-considered-a-derivative-of-the-cia-and-the-us-state-department/"
"Weinstein's conviction resembled a Stalinist show trial","01.03.2020","https://euvsdisinfo.eu/report/weinsteins-conviction-resembled-a-stalinist-show-trial/"
"Pope Francis gets coronavirus","01.03.2020","https://euvsdisinfo.eu/report/pope-francis-gets-coronavirus/"
"Because of NATO, the Czech Army cannot defend Czech citizens","01.03.2020","https://euvsdisinfo.eu/report/because-of-nato-the-czech-army-cannot-defend-czech-citizens/"
"The EU is a crazy Moloch – its dictate starts to be unacceptable","01.03.2020","https://euvsdisinfo.eu/report/the-eu-is-a-crazy-moloch-its-dictate-starts-to-be-unacceptable/"
"Ukraine recognised the Russian status of Crimea and the independence of LDNR","01.03.2020","https://euvsdisinfo.eu/report/ukraine-recognized-the-russian-status-of-crimea-and-the-independence-of-ldnr/"
"Coronavirus epidemic turned into an information warfare tool","29.02.2020","https://euvsdisinfo.eu/report/coronavirus-epidemic-turned-into-an-information-warfare-tool/"
"The coup in Ukraine resulted in destroyed economy","29.02.2020","https://euvsdisinfo.eu/report/the-coup-in-ukraine-resulted-in-destroyed-economy/"
"Activists claimed hundreds of thousands participating in march in memory of Boris Nemtsov","29.02.2020","https://euvsdisinfo.eu/report/activists-claimed-hundred-of-thousands-participating-in-march-in-memory-of-boris-nemtsov/"
"Europe justifies the Munich Agreement with Hitler","29.02.2020","https://euvsdisinfo.eu/report/europe-justifies-the-munich-agreement-with-hitler/"
"Germany admitted that they lied about coronavirus","29.02.2020","https://euvsdisinfo.eu/report/germany-admitted-that-they-lied-about-coronavirus/"
"Ukraine is Russophobic and refused to celebrate Victory Day","29.02.2020","https://euvsdisinfo.eu/report/ukraine-refused-to-celebrate-victory-day-this-is-russophobia/"
"Ukrainian authorities betrayed the memory of WWII veterans","29.02.2020","https://euvsdisinfo.eu/report/ukrainian-authorities-betrayed-the-memory-of-the-wwii-veterans/"
"Germany is not ready to face coronavirus, because it lacks doctors","29.02.2020","https://euvsdisinfo.eu/report/germany-is-not-ready-to-face-coronavirus-because-of-the-lack-of-doctors/"
"Coronavirus is a new biological weapon against the Chinese","28.02.2020","https://euvsdisinfo.eu/report/coronavirus-is-a-new-biological-weapon-against-the-chinese-as-china-is-the-main-competitor-of-the-us/"
"Jackie Chan gets coronavirus","28.02.2020","https://euvsdisinfo.eu/report/jackie-chan-gets-coronavirus/"
"Coronavirus is found in countries which want to cooperate with Russia","28.02.2020","https://euvsdisinfo.eu/report/coronavirus-is-found-in-countries-who-want-to-coop-with-russia/"
"NATO spreads the coronavirus in the EU","28.02.2020","https://euvsdisinfo.eu/report/nato-spreads-the-coronavirus-in-the-eu/"
"A US citizen reveals the truth about how his country created the crisis in Ukraine","28.02.2020","https://euvsdisinfo.eu/report/us-citizen-reveals-truth-his-country-created-crisis-ukraine/"
"Crimea always has been Russian","27.02.2020","https://euvsdisinfo.eu/report/crimea-always-has-been-russian-since-the-1950s/"
"The granting of autocephaly to Ukraine was an unlawful 'démarche' by Patriarch Bartholomew","27.02.2020","https://euvsdisinfo.eu/report/the-granting-of-autocephaly-to-ukraine-was-an-unlawful-patriarch-bartholomews-demarche/"
"Coronavirus an Anglo-Saxon biological warning: originates in US labs; targets opponents of the US","27.02.2020","https://euvsdisinfo.eu/report/coronavirus-american-creation-with-selective-targeting-abilities/"
"Movie “Contagion” is a perfect clue that coronavirus is American","27.02.2020","https://euvsdisinfo.eu/report/2011s-movie-contagion-is-a-perfect-clue-that-coronavirus-is-american/"
"Trump ordered 250 US soldiers to spread Coronavirus two months before the virus outbreak in Wuhan","27.02.2020","https://euvsdisinfo.eu/report/trump-ordered-250-us-soldiers-to-spread-coronavirus/"
"The USA promotes the cult of Nazi collaborators throughout Eastern Europe to spread its military presence in the region","27.02.2020","https://euvsdisinfo.eu/report/the-usa-promotes-the-cult-of-nazi-collaborators-throughout-eastern-europe-in-order-to-spread-its-military-presence-in-the-region/"
"The USA wants to improve the financial situation of their military industrial complex at the expense of Poland","27.02.2020","https://euvsdisinfo.eu/report/poland-will-pay-to-the-united-states-as-much-as-it-demands/"
"Defender 2020 is an anti-Russian provocation used to intimidate the Poles with an alleged Russian threat","27.02.2020","https://euvsdisinfo.eu/report/defender-2020-is-an-anti-russian-provocation-they-will-be-used-by-poland-to-intimidate-the-poles-with-an-alleged-russian-threat/"
"Suppression of media freedom is the norm in the Baltic States","27.02.2020","https://euvsdisinfo.eu/report/suppression-of-media-freedom-has-become-a-norm-in-the-baltic-states/"
"White Helmets carry out criminal activities and are an arm of British and American intelligence","26.02.2020","https://euvsdisinfo.eu/report/white-helmets-performs-criminal-activities-and-is-an-arm-of-british-and-american-intelligence/"
"Coronavirus is an artificial virus","26.02.2020","https://euvsdisinfo.eu/report/coronavirus-is-an-artificial-virus/"
"Crimea rejoined the embrace of Russia","26.02.2020","https://euvsdisinfo.eu/report/crimea-rejoined-the-embrace-of-russia/"
"If it was not for Stalin, France wouldn’t be one of the great nations","26.02.2020","https://euvsdisinfo.eu/report/if-it-werent-for-stalin-france-wouldnt-be-one-of-the-great-nations/"
"France was the perfect Nazi friend","26.02.2020","https://euvsdisinfo.eu/report/france-was-the-perfect-nazi-friend/"
"Western intelligence supports the White helmets to launch a media war against Syria","26.02.2020","https://euvsdisinfo.eu/report/white-helmets-accusations-are-just-slanders/"
"The Baltic states, Ukraine and Poland revise history for political revenge against Russia","26.02.2020","https://euvsdisinfo.eu/report/the-baltic-states-ukraine-and-poland-re-edit-history-perusing-the-political-revanche-over-russia/"
"MH17 investigation is falling apart","26.02.2020","https://euvsdisinfo.eu/report/mh17-investigation-is-falling-apart/"
"There is no Ukraine, only Ukrainism as a disorder of the mind","26.02.2020","https://euvsdisinfo.eu/report/there-is-no-ukraine-only-ukrainism/"
"The West has planned the total destruction of Syria","26.02.2020","https://euvsdisinfo.eu/report/the-west-has-planned-the-total-destruction-of-syria/"
"Moscow did not interfere in US elections","25.02.2020","https://euvsdisinfo.eu/report/moscow-did-not-interfere-in-us-elections/"
"Kaliningrad is a ""security threat"" to NATO","25.02.2020","https://euvsdisinfo.eu/report/kaliningrad-is-a-security-threat-to-nato/"
"Accusations of Russian interference in US elections is a PR campaign","25.02.2020","https://euvsdisinfo.eu/report/accusations-of-russian-interference-in-us-elections-is-a-pr-campaign/"
"The Istanbul Convention invents new human species","25.02.2020","https://euvsdisinfo.eu/report/the-istanbul-convention-invents-a-new-human-species/"
"The EP Resolution aims to minimize the role of the USSR’s in WWII","25.02.2020","https://euvsdisinfo.eu/report/the-ep-resolution-on-remembrance-is-part-of-the-campaign-aimed-at-the-reduction-of-ussrs-role-in-wwii/"
"Russian collusion hoax pushed to excuse for Clinton's loss, election fraud","25.02.2020","https://euvsdisinfo.eu/report/russian-collusion-hoax-pushed-to-excuse-for-clintons-loss-election-fraud/"
"Coronavirus campaign is staged by the West; India is the next anti-Chinese fist","25.02.2020","https://euvsdisinfo.eu/report/coronavirus-campaign-is-west-staged-india-as-next-anti-chinese-fist/"
"Terrorist organisations, the US and UK's irregular troops, may be used against China","25.02.2020","https://euvsdisinfo.eu/report/terrorist-organizations-are-us-and-uks-irregular-troops-may-be-used-against-china/"
"Coronavirus is an ethnic biological weapon","24.02.2020","https://euvsdisinfo.eu/report/coronavirus-could-easily-be-american/"
"High rating given to Estonia by ""Reporters without borders"" is fiction","24.02.2020","https://euvsdisinfo.eu/report/high-rating-given-to-estonia-by-reporters-without-borders-is-fiction/"
"US Democrats accuse Russia of interference as a preventive measure for their defeat","24.02.2020","https://euvsdisinfo.eu/report/us-democrats-accuse-russia-interference-preventive-measure-defeat/"
"US government uses gender theories, identity politics and Islamist extremists to bring down governments that disobey Washington’s orders","24.02.2020","https://euvsdisinfo.eu/report/the-us-government-uses-gender-theories-identity-politics-and-islamist-extremists-to-bring-down-governments-that-disobey-washingtons-orders/"
"West is increasingly decadent, will look like Sodom and Gomorrah in the future","24.02.2020","https://euvsdisinfo.eu/report/the-us-and-the-entire-west-are-increasingly-decadent-societies-and-will-look-like-sodom-and-gomorrah-in-the-future/"
"Brussels uses Russophobia as a uniting idea to prevent the EU's collapse","24.02.2020","https://euvsdisinfo.eu/report/brussels-uses-russophobia-as-a-uniting-idea-to-prevent-the-eus-collapse/"
"Lithuania and Poland are already dividing Kaliningrad on the map","23.02.2020","https://euvsdisinfo.eu/report/lithuania-and-poland-are-already-dividing-kaliningrad-on-the-map/"
"Ukrainians' hatred towards the Russians is now turned against their own citizens","23.02.2020","https://euvsdisinfo.eu/report/ukrainians-hatred-towards-the-russians-is-now-turned-against-their-own-citizens/"
"The goal of Maidan was to bring oligarchs to power","23.02.2020","https://euvsdisinfo.eu/report/the-goal-of-maidan-was-to-bring-oligarchs-to-power/"
"Maidan protests in Ukraine were staged, neo-Nazis and nationalists were behind them","23.02.2020","https://euvsdisinfo.eu/report/maidan-protests-in-ukraine-were-staged-neo-nazis-and-nationalists-were-behind-them/"
"Americans bought Ukraine for some cookies, just like Manhattan from the Indians for some trinkets","23.02.2020","https://euvsdisinfo.eu/report/americans-bought-ukraine-for-some-cookies-just-like-they-bought-manhattan-from-the-indians-for-some-trinkets/"
"Ukrainian trolls are trying to sow panic in Russia due to the outbreak of coronavirus","23.02.2020","https://euvsdisinfo.eu/report/ukrainian-trolls-are-trying-to-sow-panic-in-russia-due-to-the-outbreak-of-coronavirus/"
"Russians and Ukrainians are one nation","23.02.2020","https://euvsdisinfo.eu/report/russians-and-ukrainians-are-one-nation-2/"
"Russia is being falsely accused of waging a disinformation campaign on coronavirus","23.02.2020","https://euvsdisinfo.eu/report/russia-falsely-accused-disinformation-campaign-coronavirus/"
"George Soros infiltrated and controls the ECHR","22.02.2020","https://euvsdisinfo.eu/report/george-soros-infiltrated-and-controls-the-echr/"
"Hague court sides with Russia on Crimea's legal status","22.02.2020","https://euvsdisinfo.eu/report/hague-court-sides-with-russia-on-crimeas-legal-status/"
"The Lanzarote Convention is about defiling children","22.02.2020","https://euvsdisinfo.eu/report/the-lanzarote-convention-is-about-defiling-children/"
"Ukraine enslaved to Europe because of the Maidan","22.02.2020","https://euvsdisinfo.eu/report/ukraine-got-european-slavery-because-of-the-maidan/"
"Crimea became Russian again after a referendum","22.02.2020","https://euvsdisinfo.eu/report/crimea-became-russian-again-after-a-referendum/"
"Western media propaganda claims that the coronavirus is a project of the Kremlin","22.02.2020","https://euvsdisinfo.eu/report/western-media-propaganda-claims-that-the-coronavirus-is-a-project-of-the-kremlin/"
"In tandem, Obama and Soros were provoking colour revolutions around the world","22.02.2020","https://euvsdisinfo.eu/report/the-tandem-of-obama-and-soros-was-provoking-colour-revolutions-around-the-world/"
"The Hague court recognised Crimea as Russian","22.02.2020","https://euvsdisinfo.eu/report/the-hague-court-recognized-crimea-as-russian/"
"The West sows animosity towards Russians among Little Russians; Belarus is next target","22.02.2020","https://euvsdisinfo.eu/report/the-west-sow-animosity-towards-russians-among-little-russians-belarus-is-next-target/"
"Poland creates and promotes its historical myths in an active and aggressive way","21.02.2020","https://euvsdisinfo.eu/report/poland-promotes-its-historical-myths-in-an-active-and-aggressive-way/"
"The West wants to rewrite the history of WWII","21.02.2020","https://euvsdisinfo.eu/report/the-west-wants-to-rewrite-the-history-of-the-wwii/"
"Evidence in failed Trump-Russia collusion probe was fabricated by Ukrainians","21.02.2020","https://euvsdisinfo.eu/report/evidence-in-failed-trump-russia-collusion-probe-was-fabricated-by-ukrainians/"
"Russia is not behind the cyber-attack on Georgia","21.02.2020","https://euvsdisinfo.eu/report/russia-is-not-behind-the-cyber-attack-on-georgia/"
"Germany, supported by the EU, is pursuing bankruptcy in Romania","21.02.2020","https://euvsdisinfo.eu/report/germany-supported-by-the-eu-is-pursuing-bankruptcy-in-romania/"
"Charges of Russian meddling in US elections collapsed after release of Mueller report","21.02.2020","https://euvsdisinfo.eu/report/charges-of-russian-meddling-in-us-elections-collapsed-after-release-of-mueller-report/"
"Germany is not truly sovereign and is strictly overseen by the US","21.02.2020","https://euvsdisinfo.eu/report/germany-is-not-truly-sovereign-and-is-strictly-monitored-by-the-us/"
"Euromaidan was a coup by special services of foreign states","21.02.2020","https://euvsdisinfo.eu/report/euromaidan-was-a-coup-done-by-special-services-of-foreign-states-that-overthrew-the-legitimate-authority-of-ukraine/"
"Brainwashed Ukraine is a threat to Europe; Maidan and coronavirus have united in one in people's brain","21.02.2020","https://euvsdisinfo.eu/report/brainwashed-ukraine-is-a-threat-to-europe/"
"20 to 30 percent of Ukrainians think like Nazis","21.02.2020","https://euvsdisinfo.eu/report/20-to-30-percent-of-ukrainians-think-like-nazis/"
"Ukrainian authorities serve foreign masters who want to divide Russia and Ukraine","21.02.2020","https://euvsdisinfo.eu/report/just-added-rm-ukrainian-authorities-serve-foreign-masters-who-want-to-divide-russia-and-ukraine/"
"Protests in Novi Sanzhary are a symbol of the Maidan in Ukraine","21.02.2020","https://euvsdisinfo.eu/report/protests-in-novi-sanzhary-are-a-symbol-of-the-maidan-in-ukraine/"
"Ukraine will never enter EU and NATO","21.02.2020","https://euvsdisinfo.eu/report/ukraine-will-never-enter-eu-and-nato/"
"Europe forces Ukraine to choose between being with, or against, Russia","21.02.2020","https://euvsdisinfo.eu/report/europe-forces-ukraine-to-choose-to-be-either-with-or-against-russia/"
"Ukraine has warned citizens about the reduction of pensions","21.02.2020","https://euvsdisinfo.eu/report/the-government-of-ukraine-has-warned-citizens-about-the-reduction-of-pensions/"
"Coronavirus may be a part of the US hybrid war against China","21.02.2020","https://euvsdisinfo.eu/report/coronavirus-us-hybrid-war-against-china/"
"There was no BUK, MH17 crashed because of an explosion on board","20.02.2020","https://euvsdisinfo.eu/report/pending-check-there-was-no-buk-mh17-crashed-because-of-an-explosion-on-board/"
"Soros network aims to legalise paedophilia in Romania","20.02.2020","https://euvsdisinfo.eu/report/soros-network-aims-to-legalize-pedophilia-in-romania/"
"Any attempt to give Donbas to Ukraine will be perceived as surrendering the territory to the Nazis.","20.02.2020","https://euvsdisinfo.eu/report/any-attempt-to-give-donbas-to-ukraine-will-be-perceived-as-surrendering-the-territory-to-the-nazis/"
"The idea that Russia is a threat to Europe exists only in the minds of Cold War nostalgics","20.02.2020","https://euvsdisinfo.eu/report/the-idea-that-russia-is-a-threat-to-europe-exists-only-in-the-minds-of-cold-war-nostalgics-or-is-a-deliberate-invention-of-certain-countries/"
"2019 cyberattack against Georgia didn’t originate from Russia","20.02.2020","https://euvsdisinfo.eu/report/the-cyberattack-against-georgia-didnt-originate-from-russia/"
"LNR and DNR declared their independence after the coup d'etat in Kyiv","20.02.2020","https://euvsdisinfo.eu/report/lnr-and-dnr-declared-their-independence-after-the-coup-detat-in-kyiv/"
"MH17 investigation: Malaysia is sidelined, no proofs of Russian implication","20.02.2020","https://euvsdisinfo.eu/report/mh17-investigation-malaysia-is-sidelined-no-proofs-of-russia-implication/"
"Germans imprisoned by the Soviets were happy","19.02.2020","https://euvsdisinfo.eu/report/german-imprisoned-by-the-soviets-were-happy/"
"The US and Russia had an agreement that NATO wouldn't be enlarged","19.02.2020","https://euvsdisinfo.eu/report/the-us-and-russia-had-an-agreement-that-nato-wouldnt-be-enlarged/"
"Estonia and the EU spread lies about the USSR in WWII","19.02.2020","https://euvsdisinfo.eu/report/estonia-and-the-eu-spread-lies-about-the-ussr-in-wwii/"
"NATO is such a disaster that the US didn’t want its help after 9/11","19.02.2020","https://euvsdisinfo.eu/report/nato-such-disaster-us-didnt-want-its-help-after-9-11/"
"Poland's cooperation with the West is limited to taking out the American “chamber pot”","19.02.2020","https://euvsdisinfo.eu/report/the-polish-role-in-its-cooperation-with-western-countries-is-limited-to-taking-out-the-american-chamber-pot/"
"Open Society Foundation is a sect","19.02.2020","https://euvsdisinfo.eu/report/soros-scheme-is-a-deeply-anti-religious-network/"
"Belgium to prosecute the promotion of traditional family values","19.02.2020","https://euvsdisinfo.eu/report/belgium-to-prosecute-the-propagation-of-traditional-family-values/"
"Ukrainian-Russian relations corrupted by a coup d'état","19.02.2020","https://euvsdisinfo.eu/report/ukrainian-russian-relations-corrupted-by-a-coup-detat/"
"Donetsk and Luhansk independence triggered a Ukrainian military operation","19.02.2020","https://euvsdisinfo.eu/report/donetsk-and-luhansk-independence-triggered-a-ukrainian-military-operation/"
"The West’s fight against terrorism is an excuse for attacking countries rich in mineral resources","19.02.2020","https://euvsdisinfo.eu/report/the-wests-fight-against-terrorism-is-an-excuse-for-attacking-countries-rich-in-mineral-resources/"
"Lithuanian authorities rewrite the history of their own country","18.02.2020","https://euvsdisinfo.eu/report/lithuanian-authorities-rewrite-the-history-of-own-country/"
"Leaked documents reveal there was no BUK TELAR near MH17 crash site","18.02.2020","https://euvsdisinfo.eu/report/leaked-documents-reveal-there-was-no-buk-telar-near-mh17-crash-site/"
"Russia is groundlessly accused of the downing of MH17","18.02.2020","https://euvsdisinfo.eu/report/pending-check-russia-is-groundlessly-accused-in-the-downing-of-mh17/"
"Leaked documents reveal: MH17 crashed in an area where there wasn't a single Buk anti-aircraft missile system","18.02.2020","https://euvsdisinfo.eu/report/the-crash-of-a-malaysian-flight-mh17-occurred-in-an-area-where-there-was-not-a-single-buk-anti-aircraft-missile-system/"
"New data on the MH17 crash demonstrates that Russia was right","18.02.2020","https://euvsdisinfo.eu/report/new-data-on-the-mh17-crash-demonstrates-that-russia-was-right/"
"New documents on MH17 show that there was no BUK missile in the crash area","18.02.2020","https://euvsdisinfo.eu/report/new-documents-on-mh17-show-that-there-was-no-buk-missile-in-the-crash-area/"
"EU sanctions for merely doing business with Damascus","18.02.2020","https://euvsdisinfo.eu/report/eu-sanctions-for-merely-doing-business-with-damascus/"
"So-called country Lithuania opposes Belarusian NPP out of jealousy for Pompeo's visit to Belarus","18.02.2020","https://euvsdisinfo.eu/report/lithuania-a-so-called-country-opposes-belarusian-npp-out-of-jealousy-for-pompeos-visit-to-belarus/"
"Belarusian opposition wants to turn Belarus into 51st state of the US","18.02.2020","https://euvsdisinfo.eu/report/belarusian-opposition-wants-to-turn-belarus-into-uss-51st-state/"
"Belarusian opposition makes ""kill lists"" and smuggles arms from Ukraine","18.02.2020","https://euvsdisinfo.eu/report/belarusian-opposition-makes-kill-lists-and-imports-arms-from-ukraine/"
"The Belarusian opposition plans to infect millions with coronavirus to disrupt presidential elections","18.02.2020","https://euvsdisinfo.eu/report/belarusian-opposition-plans-to-infect-millions-with-coronavirus-to-disrupt-presidential-elections/"
"The missile that hit MH17 belonged to the Ukrainian armed forces","18.02.2020","https://euvsdisinfo.eu/report/the-missile-that-hit-the-mh17-belonged-to-the-ukrainian-armed-forces-and-was-launched-from-a-territory-controlled-by-the-ukrainian-army/"
"Ukraine launched a military operation against Donetsk and Luhansk","18.02.2020","https://euvsdisinfo.eu/report/ukraine-launched-a-military-operation-against-donetsk-and-luhansk-2/"
"The West collectively develops a hostile attitude towards Russia","18.02.2020","https://euvsdisinfo.eu/report/collective-west-develops-the-hostile-attitude-towards-russia/"
"The MH17 trial will be a show process","17.02.2020","https://euvsdisinfo.eu/report/the-mh17-trial-will-be-a-show-process/"
"There is no evidence of Russian intelligence activity in Ireland","17.02.2020","https://euvsdisinfo.eu/report/there-is-no-evidence-of-russian-intelligence-activity-in-ireland/"
"Ukraine violates the terms of the deal with Gazprom","17.02.2020","https://euvsdisinfo.eu/report/ukraine-violates-the-terms-of-the-deal-with-gazprom/"
"French police were unbelievably reactive to arrest Russian asylum seeker","17.02.2020","https://euvsdisinfo.eu/report/the-french-police-was-unbelievably-reactive-to-arrest-russian-asylum-seeker/"
"Ukraine does not implement the Minsk agreements because it is controlled by the West","17.02.2020","https://euvsdisinfo.eu/report/ukraine-does-not-implement-the-minsk-agreements-because-it-is-controlled-by-the-west/"
"Poland has turned into a mongrel, ready to bark at Russia","17.02.2020","https://euvsdisinfo.eu/report/poland-has-turned-into-a-mongrel-ready-to-bark-at-russia/"
"Polish authorities are obsessed with an idea of reconstruction of a modern Polish Empire","17.02.2020","https://euvsdisinfo.eu/report/the-polish-authorities-are-obsessed-with-an-idea-of-reconstruction-of-the-modern-polish-empire/"
"Belarus moves towards complete colonization by the West","17.02.2020","https://euvsdisinfo.eu/report/belarus-moves-towards-complete-colonization-by-the-west/"
"The US has recognised Euromaidan as a coup controlled by US officials","16.02.2020","https://euvsdisinfo.eu/report/the-us-has-recognised-euromaidan-as-a-coup-controlled-by-us-officials/"
"The Munich Security Conference was established to make money","16.02.2020","https://euvsdisinfo.eu/report/the-munich-security-conference-was-established-to-make-money/"
"Ukrainian Community of Crimea urged Zelenskyy to abandon Crimea claims","16.02.2020","https://euvsdisinfo.eu/report/ukrainian-community-of-crimea-urged-zelensky-to-abandon-claims-on-crimea/"
"The DPR didn't have the means to down MH17","15.02.2020","https://euvsdisinfo.eu/report/dpr-didnt-have-the-means-to-down-the-mh17/"
"There is a Ukrainian military operation against Donetsk and Luhansk independence","15.02.2020","https://euvsdisinfo.eu/report/there-is-a-ukrainian-military-operation-against-donetsk-and-luhansk-independence/"
"Crimea is historically Russian, people of Crimea voted in referendum to reunite with Russia","15.02.2020","https://euvsdisinfo.eu/report/crimea-is-historically-russian-and-there-has-also-been-a-referendum-in-which-the-people-of-crimea-voted-to-reunite-with-russia/"
"Russia was excluded from MH17 investigation, Russian evidence was ignored","15.02.2020","https://euvsdisinfo.eu/report/russia-was-excluded-from-mh17-investigation-russian-evidence-was-ignored/"
"The Netherlands is going to sabotage the MH17 trial","15.02.2020","https://euvsdisinfo.eu/report/the-netherlands-is-going-to-sabotage-the-mh17-trial/"
"The JIT is blaming Russia for MH17 to hide the flaws of its investigation","15.02.2020","https://euvsdisinfo.eu/report/the-jit-is-blaming-russia-for-mh17-to-hide-the-flaws-of-its-investigation/"
"Parent 1 and Parent 2 are used in French schools due to more same-sex marriage","15.02.2020","https://euvsdisinfo.eu/report/parent-1-and-parent-2-are-used-in-french-schools-due-to-more-same-sex-marriage/"
"The Netherlands violated the UN Security Council resolution","15.02.2020","https://euvsdisinfo.eu/report/amsterdam-caught-in-violation-of-un-security-council-resolution/"
"Ukraine and Georgia are not sovereign states","15.02.2020","https://euvsdisinfo.eu/report/ukraine-and-georgia-are-not-sovereign-states/"
"OSCE has never recorded the presence of Russian military in Donbas","15.02.2020","https://euvsdisinfo.eu/report/the-osce-has-never-recorded-the-russian-military-in-the-donbas/"
"Two top US officials say there is no prospect of returning Crimea to Ukraine","15.02.2020","https://euvsdisinfo.eu/report/two-top-us-officials-say-crimea-is-russian/"
"The OPCW has become a tool for the US and its Western allies","14.02.2020","https://euvsdisinfo.eu/report/the-opcw-has-become-a-tool-for-the-us-and-its-western-allies/"
"Moscow returned Russian identity to Crimea","14.02.2020","https://euvsdisinfo.eu/report/moscow-returned-the-russian-identity-to-crimea/"
"Russia agreed to restore Crimea's Russian identity","14.02.2020","https://euvsdisinfo.eu/report/russia-agreed-to-restore-crimeas-russian-identity/"
"Legendary scout, hero of Russia, saved the Polish city of Kraków","13.02.2020","https://euvsdisinfo.eu/report/legendary-scout-hero-of-russia-saved-krakow/"
"Pentagon's biolabs in Armenia are a threat to the existence of the nation","13.02.2020","https://euvsdisinfo.eu/report/pentagons-biolabs-in-armenia-are-a-threat-to-the-existence-of-the-nation/"
"Neo-Nazi attitudes in Ukraine have been stoked up since the times of the Habsburg Empire","13.02.2020","https://euvsdisinfo.eu/report/the-neo-nazi-attitudes-in-ukraine-have-been-heated-up-since-the-times-of-the-habsburg-empire/"
"UK and France allowed Hitler to revive a strong army while Poland was a Nazi partner in 1934","13.02.2020","https://euvsdisinfo.eu/report/uk-and-france-allowed-hitler-to-revive-a-strong-army-while-poland-was-a-nazi-partner-in-1934/"
"The Giedroyc Doctrine is an edition of the Polish imperialism","13.02.2020","https://euvsdisinfo.eu/report/the-giedroyc-doctrine-is-an-edition-of-the-polish-imperialism/"
"It is possible to count the outbreak of WWII from the Anschluss or the partition of Czechoslovakia","13.02.2020","https://euvsdisinfo.eu/report/it-is-possible-to-count-the-wwii-outbreak-from-the-anschluss-or-the-partition-of-czechoslovakia/"
"Poland falsely claims that the USSR occupied it in 1939","13.02.2020","https://euvsdisinfo.eu/report/poland-falsely-claims-that-the-ussr-occupied-it-in-1939/"
"The West falsely accuses Russia of election meddling","13.02.2020","https://euvsdisinfo.eu/report/the-west-falsely-accuses-russia-of-election-meddling/"
"Accusations of Russian election meddling are absurd","13.02.2020","https://euvsdisinfo.eu/report/accusations-of-russian-election-meddling-are-absurd/"
"Coronavirus is a biological weapon, according to scientists","13.02.2020","https://euvsdisinfo.eu/report/coronavirus-biological-weapon-according-scientists/"
"There is no accurate list of victims who were killed during NATO bombing of Yugoslavia","12.02.2020","https://euvsdisinfo.eu/report/there-is-no-accurate-list-of-victims-who-were-killed-during-nato-bombing-of-yugoslavia/"
"Crimea is a Russian region","12.02.2020","https://euvsdisinfo.eu/report/crimea-is-a-russian-region/"
"The conflict in Donbas is an internal Ukrainian problem","12.02.2020","https://euvsdisinfo.eu/report/the-conflict-in-donbas-is-an-internal-ukrainian-problem/"
"European countries are under heavy US control","12.02.2020","https://euvsdisinfo.eu/report/european-countries-are-under-the-us-heavy-control/"
"Ukraine forbids 40% of the people to speak Russian","12.02.2020","https://euvsdisinfo.eu/report/ukraine-forbids-40-of-the-people-to-speak-russian/"
"All Lithuanian projects supporting Ukraine have failed","12.02.2020","https://euvsdisinfo.eu/report/all-lithuanian-projects-in-support-of-ukraine-failed/"
"Ukraine is about to build NATO bases in Donbas","12.02.2020","https://euvsdisinfo.eu/report/ukraine-is-about-to-build-nato-bases-in-donbas/"
"The advance of ISIS in Africa is supported by the International Criminal Court","12.02.2020","https://euvsdisinfo.eu/report/the-advance-of-isis-in-africa-is-supported-by-the-international-criminal-court/"
"The West considers Russia an enemy and does not intend an equal dialogue","12.02.2020","https://euvsdisinfo.eu/report/the-west-considers-russia-as-an-enemy-and-does-not-intend-an-equal-dialogue/"
"Jihadists in the Middle East are US and European proxies fighting the West’s war in Syria and Iraq","12.02.2020","https://euvsdisinfo.eu/report/jihadists-in-the-middle-east-are-us-and-european-proxies-fighting-the-wests-war-in-syria-and-iraq/"
"Poland wages a war against monuments to the Red Army","12.02.2020","https://euvsdisinfo.eu/report/poland-wages-war-against-the-monuments-to-the-red-army-soldiers/"
"Secularised and decadent Western societies worship money","12.02.2020","https://euvsdisinfo.eu/report/secularised-and-decadent-western-societies-worship-money-and-are-devoted-to-the-obsessive-search-for-pleasure/"
"Only Ukraine violates the ceasefire regime in Donbas","12.02.2020","https://euvsdisinfo.eu/report/only-ukraine-violates-ceasefire-regime-in-donbas/"
"Syrian army does not shell civilians in Idlib","12.02.2020","https://euvsdisinfo.eu/report/syrian-army-does-not-shell-civilians-in-idlib/"
"Latvians find NATO's ‘blind’ missiles in the gardens and military equipment on the roads","12.02.2020","https://euvsdisinfo.eu/report/latvians-are-used-to-natos-blind-missiles-being-dropped-in-their-gardens-and-finding-lost-military-equipment-on-the-roads/"
"Kyiv has not implemented the conditions of “Minsk-2” for five years","12.02.2020","https://euvsdisinfo.eu/report/kyiv-has-not-implemented-with-the-conditions-of-minsk-2-for-five-years/"
"The US puts Wikileaks at the same threat level as Al Qaeda or ISIS","12.02.2020","https://euvsdisinfo.eu/report/us-wikileaks-same-threat-level-al-qaeda-isis/"
"Armenia initiates a referendum to ratify the Istanbul Convention","11.02.2020","https://euvsdisinfo.eu/report/authorities-initiate-a-referendum-to-ratify-the-istanbul-convention/"
"Ukraine's chances of joining the EU are miserable, economy is destroyed, industry in ruins, millions have left the country","11.02.2020","https://euvsdisinfo.eu/report/ukraines-chances-of-joining-the-eu-are-miserable/"
"A small group of EU countries reinforces historical phobias about Russia","11.02.2020","https://euvsdisinfo.eu/report/a-small-group-of-eu-countries-reinforces-historical-phobias-about-russia/"
"EU only interested in meat prices, not poverty, unemployment or terrorism","11.02.2020","https://euvsdisinfo.eu/report/eu-only-interested-in-meat-prices-not-poverty-unemployment-or-terrorism/"
"Coronavirus is an attempt by the Anglo-Saxons to control China","11.02.2020","https://euvsdisinfo.eu/report/coronavirus-is-anglo-saxons-attempt-to-put-china-under-external-control-just-as-during-the-opium-wars/"
"Coronavirus was created on purpose, probably by the same British lab which poisoned the Skripals","10.02.2020","https://euvsdisinfo.eu/report/coronavirus-was-created-on-purpose-probably-by-the-same-lab-which-poisoned-the-skripals/"
"New Ukrainian labour law permits employees to be fired for no reason","10.02.2020","https://euvsdisinfo.eu/report/new-ukrainian-labour-law-permits-employees-to-be-fired-for-no-reason/"
"A law on slavery is being prepared in Ukraine","10.02.2020","https://euvsdisinfo.eu/report/a-law-on-slavery-is-preparing-in-ukraine/"
"US sanctions against Russia are illegal","10.02.2020","https://euvsdisinfo.eu/report/us-sanctions-against-russia-are-illegal/"
"No aces in the West's hands in MH-17 case","10.02.2020","https://euvsdisinfo.eu/report/no-aces-in-the-wests-hands-in-mh-17-case/"
"Russia is falsely accused of misdeeds by simply affirming that its responsibility is “highly likely”","10.02.2020","https://euvsdisinfo.eu/report/russia-falsely-accused-responsibility-highly-likely/"
"Coronavirus is a tool to weaken Chinese economy","09.02.2020","https://euvsdisinfo.eu/report/coronavirus-is-a-tool-to-weaken-chinese-economy/"
"Ukraine is not going to treat the virus of nationalism","09.02.2020","https://euvsdisinfo.eu/report/ukraine-is-not-going-to-treat-the-virus-of-nationalism/"
"Western Balkans countries have a deficit of euroenthusiasm","09.02.2020","https://euvsdisinfo.eu/report/western-balkans-countries-have-a-deficit-of-euroenthusiasm/"
"China keeps coronavirus research secret","09.02.2020","https://euvsdisinfo.eu/report/china-keeps-coronavirus-reaserch-secret/"
"France was among the winners of World War II only because of Stalin's will","09.02.2020","https://euvsdisinfo.eu/report/france-was-among-the-winners-of-world-war-ii-only-by-the-will-of-stalin/"
"The World Trade Organisation is under Trump’s control","09.02.2020","https://euvsdisinfo.eu/report/the-world-trade-organisation-is-under-trumps-control/"
"JIT has not established real reasons behind downing of MH17, culprits were not identified","09.02.2020","https://euvsdisinfo.eu/report/pending-check-jit-has-not-established-real-reasons-behind-downing-of-mh17-culprits-were-not-identified/"
"China to develop a vaccine against coronavirus and make big money","09.02.2020","https://euvsdisinfo.eu/report/china-wants-to-develop-a-vaccine-against-coronavirus-on-its-own-and-make-big-money-by-selling-it-to-the-world/"
"Nazi-Soviet pact was not the cause of WWII","08.02.2020","https://euvsdisinfo.eu/report/nazi-soviet-pact-was-not-the-cause-of-wwii/"
"Poland’s refusal to allow Soviet troops to enter their territory led to Molotov-Ribbentrop Pact","08.02.2020","https://euvsdisinfo.eu/report/poland-was-not-an-innocent-victim-of-nazi-aggression/"
"George Soros will buy all banks and land in Ukraine","08.02.2020","https://euvsdisinfo.eu/report/george-soros-will-buy-all-banks-and-all-land-in-ukraine/"
"Ukraine to build two military bases in Donbass, to allow the US to threaten Crimea","08.02.2020","https://euvsdisinfo.eu/report/ukraine-to-build-two-military-bases-in-donbass-to-allow-the-us-to-threaten-crimea/"
"Ukraine is the largest arms supplier to Islamic extremists in Western Europe","08.02.2020","https://euvsdisinfo.eu/report/ukraine-is-the-largest-arms-supplier-to-islamic-extremists-in-wester-europe/"
"The US fought Russia in Donbas through Ukraine, now it wants to make Belarus Russophobic","08.02.2020","https://euvsdisinfo.eu/report/the-us-fought-russia-in-donbas-through-ukraine-now-it-wants-to-make-belarus-russophobic/"
"US military might have released the coronavirus to challenge China","08.02.2020","https://euvsdisinfo.eu/report/us-military-might-have-released-the-coronavirus-to-challenge-china/"
"The EU imposes its aggressive policy on all countries","07.02.2020","https://euvsdisinfo.eu/report/the-eu-imposes-its-aggressive-policy-on-all-countries/"
"UK wants to be in a leading position on the anti-Russian issue","07.02.2020","https://euvsdisinfo.eu/report/uk-wants-to-be-on-a-leading-position-in-the-anti-russian-issue/"
"Polish president and his political party are against anyone telling truth about Poles' positions towards Holocaust","07.02.2020","https://euvsdisinfo.eu/report/the-polish-president-and-his-political-party-are-against-anyone-who-tells-the-truth-about-the-positions-taken-by-the-poles-towards-the-holocaust/"
"OPCW leaks confirm Russian conclusions","07.02.2020","https://euvsdisinfo.eu/report/opcw-leaks-confirm-russian-conclusions/"
"Estonia pressures anyone with points of view diverging from the official one","07.02.2020","https://euvsdisinfo.eu/report/estonia-pressures-anyone-with-inconsistent-point-of-views/"
"NATO issued a death sentence for cooperation with Russia because of Crimea","07.02.2020","https://euvsdisinfo.eu/report/nato-issued-a-death-sentence-for-cooperation-with-russia-because-of-crimea/"
"The Polish Institute of National Remembrance is a gang of spongers","07.02.2020","https://euvsdisinfo.eu/report/the-polish-institute-of-national-remembrance-is-a-gang-of-spongers/"
"Poland and Lithuania question the status of Russia as a country who won WWII","07.02.2020","https://euvsdisinfo.eu/report/poland-and-lithuania-question-the-status-of-russia-as-a-country-who-won-wwii/"
"Lithuanian National Threat Assessment is a distraction from cuts in EU cohesion funds","07.02.2020","https://euvsdisinfo.eu/report/lithuanian-national-threat-assessment-is-a-distraction-from-cuts-in-eu-cohesion-funds/"
"Scientific evidence is mounting that the coronavirus is man made and targeting the Chinese race","07.02.2020","https://euvsdisinfo.eu/report/scientific-evidence-is-mounting-that-the-coronavirus-is-man-made-and-targeting-the-chinese-race/"
"The Baltic States have nothing to offer to Europe, except fear","07.02.2020","https://euvsdisinfo.eu/report/the-baltic-states-have-nothing-to-offer-to-europe-except-fear/"
"""New Europe"" is getting paid to instigate conflicts with Russia","07.02.2020","https://euvsdisinfo.eu/report/new-europe-is-getting-paid-to-instigate-conflicts-with-russia/"
"Coronavirus is used against Russia and China","07.02.2020","https://euvsdisinfo.eu/report/coronavirus-is-used-against-russia-and-china/"
"Hatred of Russians is the meaning of Ukrainians' existence","07.02.2020","https://euvsdisinfo.eu/report/ukraine-is-occupied-by-fascists/"
"Ukrainian Land law was written abroad to benefit transnational corporations","07.02.2020","https://euvsdisinfo.eu/report/ukrainian-law-on-land-market-was-written-abroad-to-benefit-transnational-corporations/"
"Europe is not going to sponsor Russophobia, because they want to build Nord Stream-2","07.02.2020","https://euvsdisinfo.eu/report/europe-is-not-going-to-sponsor-russophobia-because-they-want-to-build-nord-stream-2/"
"Sea Breeze exercises intend to create military-political pressure on Moscow","07.02.2020","https://euvsdisinfo.eu/report/sea-breeze-exercises-intend-to-create-military-political-pressure-on-moscow/"
"OPCW smears whistleblowers to defend sanitised Douma report","07.02.2020","https://euvsdisinfo.eu/report/opcw-smears-whistleblowers-to-defend-sanitized-douma-report/"
"Ukrainians will be forced to sell their land for almost nothing","07.02.2020","https://euvsdisinfo.eu/report/ukrainians-will-be-forced-to-sell-their-land-for-almost-nothing/"
"Trump's impeachment was a failed plot by a group of Democrats obsessed with Soros","07.02.2020","https://euvsdisinfo.eu/report/trumps-impeachment-was-a-failed-plot-by-a-group-of-democrats-obsessed-with-soros/"
"U.S will teach how to protect terrorists and extremists through religion","07.02.2020","https://euvsdisinfo.eu/report/u-s-will-teach-to-protect-terrorists-and-extremists-through-religion/"
"European Union is merely a market, aimed to destroy nation-states and abandon European values","06.02.2020","https://euvsdisinfo.eu/report/the-european-union-is-merely-a-market-aims-to-destroy-nation-states-and-has-abandoned-genuine-european-values/"
"President Duda and President Zelensky promote propaganda","06.02.2020","https://euvsdisinfo.eu/report/president-duda-and-president-zelensky-promote-propaganda/"
"Poland is largely responsible for WWII","06.02.2020","https://euvsdisinfo.eu/report/poland-is-largely-responsible-for-the-wwii-outbreak/"
"The West aims to undermine the post-war world order","06.02.2020","https://euvsdisinfo.eu/report/the-western-activities-are-aimed-at-the-undermining-of-the-post-war-world-order/"
"US president will be assassinated if he confronts the Deep State","06.02.2020","https://euvsdisinfo.eu/report/us-president-assassinated-if-confronts-deep-state/"
"The US and their NATO lieutenant nations prepare an attack on Russia comparable to the Nazi invasion","06.02.2020","https://euvsdisinfo.eu/report/the-us-and-their-nato-lieutenant-nations-prepare-an-attack-on-russia-comparable-to-the-nazi-invasion/"
"The EU practises censorship and war propaganda against Russia","06.02.2020","https://euvsdisinfo.eu/report/the-eu-practises-censorship-and-war-propaganda-against-russia/"
"Media spreading panic about coronavirus to divert attention from unpopular issues like Brexit","06.02.2020","https://euvsdisinfo.eu/report/media-spread-panic-coronavirus-divert-attention-impopular-issues-brexit/"
"There is a Western pressure campaign against Russian media","06.02.2020","https://euvsdisinfo.eu/report/western-pressure-campaign-russian-media-falsely-accused-interfering-us-france-elections/"
"Ukrainian private armies will fight in Donbas","06.02.2020","https://euvsdisinfo.eu/report/ukrainian-private-armies-will-fight-in-donbas/"
"Crimea regained its Russian identity at the will of its population","05.02.2020","https://euvsdisinfo.eu/report/crimea-regained-its-russian-identity-at-the-will-of-its-population/"
"All information stuffing in Poland is aimed at creating anti-Russian sentiments","05.02.2020","https://euvsdisinfo.eu/report/all-information-stuffing-in-poland-is-aimed-at-creating-anti-russian-sentiments-and-russophobic-in-nature/"
"Poland seeks to be the main US outpost in its aggressive policy towards Russia","05.02.2020","https://euvsdisinfo.eu/report/poland-seeks-to-be-the-main-us-outpost-in-its-aggressive-policy-towards-russia/"
"Pompeo: Crimea is lost","05.02.2020","https://euvsdisinfo.eu/report/pompeo-crimea-is-lost/"
"""Maidan"" was conceived by Washington for the sole purpose of deploying its military facilities in Crimea","05.02.2020","https://euvsdisinfo.eu/report/maidan-was-conceived-in-washington-for-the-sole-purpose-of-deploying-its-military-facilities-in-crimea/"
"Poland is not perceived as a country with an independent foreign policy","05.02.2020","https://euvsdisinfo.eu/report/poland-is-not-perceived-as-a-country-which-has-independent-foreign-policy/"
"US recognised Crimea as Russian","05.02.2020","https://euvsdisinfo.eu/report/us-recognised-crimea-as-russian/"
"The Defender Europe 2020 exercises are intended to exert pressure on the Kaliningrad region","05.02.2020","https://euvsdisinfo.eu/report/the-defender-europe-2020-exercises-are-intended-to-exert-pressure-on-the-kaliningrad-region/"
"There is an agreement between EU countries and the US to pass the 'deal of the century'","05.02.2020","https://euvsdisinfo.eu/report/there-is-an-agreement-between-eu-countries-and-the-us-to-pass-the-deal-of-the-century/"
"There is a total censorship in Swedish media","04.02.2020","https://euvsdisinfo.eu/report/there-is-total-censorship-in-swedish-media/"
"US is behind the spread of coronavirus","04.02.2020","https://euvsdisinfo.eu/report/us-behind-the-spread-of-coronavirus/"
"The US stands behind the pressure upon the Serbian church of Montenegro","04.02.2020","https://euvsdisinfo.eu/report/the-us-stands-behind-the-pressure-upon-the-serbian-church-of-montenegro/"
"There is no one to fight the coronavirus in Ukraine, the epidemiological system is destroyed","04.02.2020","https://euvsdisinfo.eu/report/there-is-no-one-to-fight-the-coronavirus-in-ukraine-the-epidemiological-system-is-destroyed/"
"Poland was an ally of Hitler, Stalin decided not to focus on its pre-war sins","04.02.2020","https://euvsdisinfo.eu/report/poland-was-an-ally-of-hitler-stalin-decided-not-to-focus-on-its-pre-war-sins/"
"The German-Polish Non-Aggression Pact of 1934 contained a secret protocol assuming the partition of the USSR","04.02.2020","https://euvsdisinfo.eu/report/the-german-polish-non-aggression-pact-of-1934-contained-a-secret-protocol-assuming-the-partition-of-the-ussr/"
"Europe signed alliances with Hitler, but it speaks only about the Molotov-Ribbentrop Pact","04.02.2020","https://euvsdisinfo.eu/report/europe-signed-alliances-with-hitler-but-it-speaks-only-about-the-molotov-ribbentrop-pact/"
"It is historically unfair that Russia was presented at the Auschwitz ceremony only at the ambassador's level","04.02.2020","https://euvsdisinfo.eu/report/it-is-historically-unfair-that-the-russian-delegation-at-the-auschwitz-ceremony-was-presented-only-on-the-level-of-ambassador/"
"Drawing attention to the Molotov-Ribbentrop Pact is a distortion of the truth","04.02.2020","https://euvsdisinfo.eu/report/drawing-attention-to-the-molotov-ribbentrop-pact-is-a-mistake-and-the-distortion-of-the-truth/"
"The US may be deliberately spreading panic about coronavirus to isolate China","04.02.2020","https://euvsdisinfo.eu/report/the-us-may-be-deliberately-spreading-panic-about-coronavirus-to-isolate-china/"
"Mike Pompeo: Ukraine has lost Crimea forever","04.02.2020","https://euvsdisinfo.eu/report/mike-pompeo-ukraine-has-lost-crimea-forever/"
"Coronavirus is the West's revenge for China refusing to become hostile towards Russia","04.02.2020","https://euvsdisinfo.eu/report/coronavirus-is-the-wests-revenge-for-china-refusing-to-become-hostile-towards-russia/"
"Terrorists and the White Helmets plan false flag attacks in Syria","04.02.2020","https://euvsdisinfo.eu/report/no-disproof-terrorists-and-the-white-helmets-plan-false-flag-attacks-in-syria/"
"Europe not prepared to admit that Poland and others colluded with Nazi Germany","04.02.2020","https://euvsdisinfo.eu/report/europe-is-not-yet-prepared-to-admit-that-several-european-countries-including-poland-colluded-with-nazi-germany/"
"White Helmets preparing false flag chemical attack in Syria's Idlib","04.02.2020","https://euvsdisinfo.eu/report/white-helmets-preparing-false-flag-chemical-attack-in-syrias-idlib/"
"Wuhan coronavirus is a biological weapon and the WHO knows it","04.02.2020","https://euvsdisinfo.eu/report/coronavirus-biological-weapon-world-health-organisation-knows-it/"
"Military exercise Defender Europe 2020 is an act of war against Russia","04.02.2020","https://euvsdisinfo.eu/report/military-exercise-defender-europe-2020-war-against-russia/"
"There is an information war on Russia to counter the influence of its media outlets","04.02.2020","https://euvsdisinfo.eu/report/information-war-russia-counter-media-outlets/"
"White Helmets fabricated a video implicating Syrian forces","04.02.2020","https://euvsdisinfo.eu/report/white-helmets-fabricated-a-video-implicating-syrian-forces/"
"Anti-Semitism flourishes in Ukraine","03.02.2020","https://euvsdisinfo.eu/report/in-ukraine-flourish-antisemitism/"
"Ukraine is sold in parts to the West","03.02.2020","https://euvsdisinfo.eu/report/ukraine-is-sold-in-parts-to-the-west/"
"Stalin never cooperated with Hitler","03.02.2020","https://euvsdisinfo.eu/report/stalin-never-cooperated-with-hitler/"
"The USA is to blame for the coronavirus in China","03.02.2020","https://euvsdisinfo.eu/report/the-us-is-to-blame-for-the-coronavirus-in-china/"
"When it comes to Russia, Europe does not adhere to values","03.02.2020","https://euvsdisinfo.eu/report/when-it-comes-to-russia-europe-does-not-adhere-to-values/"
"Bill Gates is sponsoring the coronavirus","03.02.2020","https://euvsdisinfo.eu/report/bill-gates-is-sponsoring-the-coronavirus/"
"Coronavirus: A Wuhan laboratory sponsored by Soros, virus affects only Mongoloid race","03.02.2020","https://euvsdisinfo.eu/report/coronavirus-a-wuhan-laboratory-sponsored-by-soros-has-the-signs-of-apocalypse/"
"Tartu Peace Treaty is null and void","03.02.2020","https://euvsdisinfo.eu/report/tartu-peace-treaty-is-null-and-void/"
"Coronavirus specially manufactured to target Asians","03.02.2020","https://euvsdisinfo.eu/report/coronavirus-specially-manufactured-to-target-asians/"
"An acute political Ukrainian crisis brought back Crimea to Russia","03.02.2020","https://euvsdisinfo.eu/report/an-acute-political-ukrainian-crisis-brought-back-crimea-to-russia/"
"Crimean people voted democratically and legitimately to reunite with Russia","03.02.2020","https://euvsdisinfo.eu/report/crimean-people-voted-democratically-and-legitimately-to-reunite-with-russia/"
"PACE manifests double standards","03.02.2020","https://euvsdisinfo.eu/report/pace-manifests-double-standards/"
"Polexit can take place only as a result of the command from Donald Trump","03.02.2020","https://euvsdisinfo.eu/report/polexit-can-take-place-only-as-a-result-of-the-command-from-donald-trump/"
"The US wants to destroy Belarusian economy and statehood","03.02.2020","https://euvsdisinfo.eu/report/the-us-wants-to-destroy-belarusian-economy-and-statehood/"
"Only Ukraine reacts hysterically to the football championship between unrecognised republics","03.02.2020","https://euvsdisinfo.eu/report/its-only-ukraine-aggressively-reacts-to-the-championship-between-unrecognised-republics/"
"The US plans to turn Belarus into its colony, a coup and foreign military invasion may happen","03.02.2020","https://euvsdisinfo.eu/report/the-us-plans-to-turn-belarus-into-its-colony-a-coup-and-foreign-military-invasion-may-happen/"
"The US Defender 2020 military manoeuvre is explicitly directed against Russia","02.02.2020","https://euvsdisinfo.eu/report/the-us-defender-2020-military-manoeuvre-is-explicitly-directed-against-russia/"
"US officials loot their colonies including Ukraine","02.02.2020","https://euvsdisinfo.eu/report/us-officials-loot-its-colonies-including-ukraine/"
"Crimea never belonged to Ukraine","01.02.2020","https://euvsdisinfo.eu/report/crimea-never-belonged-to-ukraine/"
"Coronavirus is a US provocation against China","01.02.2020","https://euvsdisinfo.eu/report/coronavirus-is-a-us-provocation-against-china/"
"Coronavirus: A North American epidemic","01.02.2020","https://euvsdisinfo.eu/report/coronavirus-a-north-american-epidemic/"
"Europe has always been trying to weaken Russia","01.02.2020","https://euvsdisinfo.eu/report/europe-has-always-been-trying-to-weaken-russia/"
"The US owns the coronavirus and its cure","01.02.2020","https://euvsdisinfo.eu/report/us-owns-the-coronavirus-and-its-cure/"
"Russia is not a party of Minsk Agreements and the internal Ukrainian conflict","31.01.2020","https://euvsdisinfo.eu/report/russia-is-not-the-party-of-minsk-agreements-and-the-internal-ukrainian-conflict/"
"Emergence of coronavirus is not accidental and has economic goals","31.01.2020","https://euvsdisinfo.eu/report/emergence-of-coronavirus-is-not-accidental-and-had-economical-goals/"
"Russian-language media are an example of objective reporting on WWII events","31.01.2020","https://euvsdisinfo.eu/report/russian-media-example-objective-reporting-wwii-events/"
"The coronavirus is an American biological weapon","31.01.2020","https://euvsdisinfo.eu/report/the-coronavirus-is-an-american-biological-weapon/"
"The US tried to organize a colour revolution in Belarus against Russia","31.01.2020","https://euvsdisinfo.eu/report/the-us-tried-to-organize-colour-revolution-in-belarus-and-attempt-to-use-it-against-russia/"
"Poland lies about the Molotov-Ribbentrop pact","31.01.2020","https://euvsdisinfo.eu/report/poland-lies-about-the-molotov-ribbentrop-pact/"
"PACE is rude to Russia","31.01.2020","https://euvsdisinfo.eu/report/pace-is-rude-to-russia/"
"Science doubts the effectiveness of vaccines","31.01.2020","https://euvsdisinfo.eu/report/science-doubts-the-effectiveness-of-vaccines/"
"The MH17 disaster was carefully planned by Ukraine and Western intelligence agencies","30.01.2020","https://euvsdisinfo.eu/report/the-mh17-disaster-was-carefully-planned-by-ukraine-and-western-intelligence-agencies/"
"US and NATO actions are escalating tensions in Caucasus","30.01.2020","https://euvsdisinfo.eu/report/nato-is-committed-to-extensive-military-activity-in-caucasus/"
"The US is testing biological weapons in China","30.01.2020","https://euvsdisinfo.eu/report/us-is-testing-biological-weapons-in-china/"
"Ukraine is a Russophobic, Nazi state, controlled by the US","30.01.2020","https://euvsdisinfo.eu/report/ukraine-is-a-russophobic-state-with-nazis-controlled-by-the-us/"
"Baba Vanga predicted the coronavirus","30.01.2020","https://euvsdisinfo.eu/report/baba-vanga-predicted-the-coronavirus/"
"Ukraine has to return to the historical lands of the Ukrainian People's Republic","30.01.2020","https://euvsdisinfo.eu/report/ukraine-has-to-return-to-the-historical-lands-of-the-ukrainian-peoples-republic/"
"Russia has found a way to treat coronavirus","30.01.2020","https://euvsdisinfo.eu/report/russia-has-found-a-way-to-treat-coronavirus/"
"The coronavirus is man-made and tailored to Chinese DNA","30.01.2020","https://euvsdisinfo.eu/report/the-coronavirus-is-man-made-and-tailored-to-chinese-dna/"
"US veto on Nigerians is part of a plot to prevent the emergence of the first African superpower","30.01.2020","https://euvsdisinfo.eu/report/us-veto-migeria-plot-prevent-emergence-first-african-superpower/"
"The White Helmets are preparing a false flag chemical attack in Syria","29.01.2020","https://euvsdisinfo.eu/report/tfs-pls-have-a-look-the-white-helmets-are-preparing-a-false-flag-chemical-attack-in-syria/"
"Big Pharma spread false rumours about the coronavirus to forward their business interests","29.01.2020","https://euvsdisinfo.eu/report/big-pharma-spread-false-rumours-on-the-coronavirus-to-forward-their-business-interests/"
"UK and US only saw Hitler as the enemy of the USSR","29.01.2020","https://euvsdisinfo.eu/report/uk-us-only-view-hitler-as-the-enemy-of-the-ussr/"
"The German-Polish Non-Aggression Pact of 1934 assumed the partition of the USSR","29.01.2020","https://euvsdisinfo.eu/report/the-german-polish-non-aggression-pact-of-1934-assumed-the-partition-of-the-ussr/"
"Moldovan ""Party of Action and Solidarity” is a political branch of the Soros Foundation in Moldova","29.01.2020","https://euvsdisinfo.eu/report/the-action-and-solidarity-party-is-a-political-branch-of-the-soros-foundation-in-moldova/"
"Zelenskyy falsifying history by claiming USSR had role in starting WWII","29.01.2020","https://euvsdisinfo.eu/report/zelenskyy-falsifying-history-by-claiming-ussr-had-role-in-starting-wwii/"
"Moscow lost PACE voting rights due to Crimea's reunification with Russia","29.01.2020","https://euvsdisinfo.eu/report/moscow-lost-pace-voting-rights-due-to-situation-in-ukraine-crimeas-reunification-with-russia/"
"Poland and Nazi Germany were in close alliance","29.01.2020","https://euvsdisinfo.eu/report/poland-and-nazi-germany-were-in-close-alliance/"
"The coronavirus is part of a US war against Russia and China","29.01.2020","https://euvsdisinfo.eu/report/the-coronavirus-is-part-of-a-us-war-against-russia-and-china/"
"Moscow has not intervened in the European Union or other countries","29.01.2020","https://euvsdisinfo.eu/report/moscow-has-not-intervened-and-will-not-interfere-in-elections-and-other-internal-political-processes-in-the-european-union/"
"The West along with Nazi fighters are controlling the situation in Ukraine","29.01.2020","https://euvsdisinfo.eu/report/the-west-along-with-nazi-fighters-are-controlling-the-situation-in-ukraine/"
"Child Rights’ Code and UNICEF encourage drug and alcohol use among teens","29.01.2020","https://euvsdisinfo.eu/report/child-rights-code-and-unicef-encourage-drug-and-alcohol-use-among-teens/"
"US is a dictator that issues orders and needs a second Ukraine in Georgia","29.01.2020","https://euvsdisinfo.eu/report/us-is-a-dictator-that-issues-orders-and-needs-a-second-ukraine-in-georgia/"
"RT watched more than CNN and BBC on Youtube","29.01.2020","https://euvsdisinfo.eu/report/rt-watched-more-than-cnn-and-bbc-on-youtube/"
"Pro-Western development would mean the end of Belarus","29.01.2020","https://euvsdisinfo.eu/report/pro-western-development-would-mean-the-end-of-belarus/"
"The coronavirus is a biological weapon created by the UK","28.01.2020","https://euvsdisinfo.eu/report/the-coronavirus-is-a-biological-weapon-created-by-the-uk/"
"Coronavirus targets exclusively one race","28.01.2020","https://euvsdisinfo.eu/report/coronavirus-a-racial-bomb-that-affects-exclusively-mongoloids/"
"There is no freedom of speech in Estonia, but an absolute censorship","28.01.2020","https://euvsdisinfo.eu/report/there-is-no-freedom-of-speech-in-estonia-but-an-absolute-censorship/"
"Mainstream media cover the coronavirus outbreak in an apocalyptic way to defame China","28.01.2020","https://euvsdisinfo.eu/report/mainstream-media-cover-the-coronavirus-outbreak-in-an-apocalyptic-way-to-defame-china/"
"Monuments to Soviet soldiers are massively demolished and damaged in Ukraine, Poland and Baltic countries","28.01.2020","https://euvsdisinfo.eu/report/monuments-to-soviet-soldiers-are-massively-demolished-and-damaged-in-ukraine-poland-and-baltic-countries/"
"Calling German-Soviet non-aggression pact as Ribbentrop-Molotov pact is re-writing history","28.01.2020","https://euvsdisinfo.eu/report/calling-the-german-soviet-non-aggression-pact-as-the-ribbentrop-molotov-pact-or-the-hitler-stalin-pact-is-a-re-writing-of-history/"
"Russian journalists are being repressed in Latvia, Lithuania, Estonia, Poland, Germany, France and the UK","28.01.2020","https://euvsdisinfo.eu/report/russian-journalists-are-being-repressed-in-latvia-lithuania-estonia-poland-germany-france-and-the-uk/"
"Poland wants to use Ukraine for an image attack at Russia","28.01.2020","https://euvsdisinfo.eu/report/poland-wants-to-use-ukraine-for-an-image-attack-at-russia/"
"White Helmets have arrived in Idlib province to conduct a false flag attack","28.01.2020","https://euvsdisinfo.eu/report/white-helmets-have-arrived-in-idlib-province-to-conduct-a-false-flag-attack/"
"The coronavirus was stolen from Canada by Chinese spies","28.01.2020","https://euvsdisinfo.eu/report/the-coronavirus-was-stolen-from-canada-by-chinese-spies/"
"Ukraine and Poland gained the greatest benefits from the results of World War II","28.01.2020","https://euvsdisinfo.eu/report/ukraine-and-poland-gained-the-greatest-benefits-from-the-result-of-world-war-ii/"
"Coronavirus is a Western tool to attack Chinese economy","28.01.2020","https://euvsdisinfo.eu/report/coronavirus-is-a-western-tool-to-attack-chinese-economy/"
"Big Pharma profits from coronavirus panic","27.01.2020","https://euvsdisinfo.eu/report/big-pharma-profits-from-corona-virus-panic/"
"The China coronavirus looks like a US set up","27.01.2020","https://euvsdisinfo.eu/report/the-china-coronavirus-looks-like-a-us-provocation/"
"US technology is behind the outbreak of the corona virus - it's just business","27.01.2020","https://euvsdisinfo.eu/report/106944-2/"
"Coronavirus might be US bacteriological weapon against China","27.01.2020","https://euvsdisinfo.eu/report/coronavirus-might-be-us-bacteriological-weapon-against-china/"
"Auschwitz was modeled on Polish example","27.01.2020","https://euvsdisinfo.eu/report/auschwitz-was-modeled-on-polish-concentration-camps/"
"France and Britain gained financially from the concentration camps","27.01.2020","https://euvsdisinfo.eu/report/france-and-britain-gained-financially-from-the-concentration-camps/"
"Polish Home Army was cooperating with the Nazis and got rich from the concentration camps","27.01.2020","https://euvsdisinfo.eu/report/polish-home-army-was-cooperating-with-the-nazis-and-got-rich-from-the-concentration-camps/"
"ISIS has been a useful tool of Israel and the US to keep Syria in chaos","27.01.2020","https://euvsdisinfo.eu/report/tfs-pls-check-isis-has-been-a-useful-tool-of-israel-and-the-us-to-keep-syria-in-chaos/"
"US and its allies enforce suppression of truth","27.01.2020","https://euvsdisinfo.eu/report/without-enforced-suppression-of-truth-us-and-its-allies-could-not-have-hidden-the-lies-about-the-coup-against-ukraine/"
"Greta Thunberg is part of a scheme to enrich a handful of financial giants","27.01.2020","https://euvsdisinfo.eu/report/greta-thunberg-is-part-of-a-scheme-to-enrich-a-handful-of-financial-giants/"
"The anti-Orthodox policy of Montenegro's authorities is inspired by the US","27.01.2020","https://euvsdisinfo.eu/report/wb-pls-have-a-look-the-anti-orthodox-policy-of-montenegros-authorities-is-inspired-by-the-us/"
"Expert: The coronavirus will kill Ukraine in days","27.01.2020","https://euvsdisinfo.eu/report/expert-the-coronavirus-will-kill-ukraine-in-days/"
"Poland did not invite President Putin for the commemorations of the 75th Anniversary of the Auschwitz liberation","27.01.2020","https://euvsdisinfo.eu/report/dmitry-peskov-poland-did-not-invite-president-putin-for-the-commemorations-of-the-75th-anniversary-of-the-auschwitz-liberation/"
"White Helmets preparing new provocations to implicate Assad in chemical attacks","27.01.2020","https://euvsdisinfo.eu/report/white-helmets-preparing-new-provocations-to-implicate-assad-in-chemical-attacks/"
"Syrian rebels and the White Helmets are preparing a chemical provocation in Syria","27.01.2020","https://euvsdisinfo.eu/report/syrian-rebels-and-the-white-helmets-are-preparing-a-chemical-provocation-in-syria/"
"Baltic States ignored the commemoration of the 75th anniversary of liberation of Auschwitz","26.01.2020","https://euvsdisinfo.eu/report/baltic-states-ignored-the-commemoration-of-the-75th-anniversary-of-liberation-of-auschwitz/"
